{
  "name": "angular-resource",
  "version": "1.5.2",
  "license": "MIT",
  "main": "./angular-resource.js",
  "ignore": [],
  "dependencies": {
    "angular": "1.5.2"
  },
  "homepage": "https://github.com/angular/bower-angular-resource",
  "_release": "1.5.2",
  "_resolution": {
    "type": "version",
    "tag": "v1.5.2",
    "commit": "71d95e1edb207113f42d2a599e5e734951459252"
  },
  "_source": "git://github.com/angular/bower-angular-resource.git",
  "_target": "^1.5.2",
  "_originalSource": "angular-resource",
  "_direct": true
}