{
  "name": "jquery",
  "main": "dist/jquery.js",
  "license": "MIT",
  "ignore": [
    "package.json"
  ],
  "keywords": [
    "jquery",
    "javascript",
    "browser",
    "library"
  ],
  "homepage": "https://github.com/jquery/jquery-dist",
  "version": "2.2.2",
  "_release": "2.2.2",
  "_resolution": {
    "type": "version",
    "tag": "2.2.2",
    "commit": "086d381cd2f3b4b8b0af85ecb2c9593a61e5b4bd"
  },
  "_source": "git://github.com/jquery/jquery-dist.git",
  "_target": "^2.2.2",
  "_originalSource": "jquery",
  "_direct": true
}